{
    "blend": {
        "func": "add",
        "srcrgb": "1",
        "dstrgb": "0"
    },
    "vertex": "position_tex_color_normal",
    "fragment": "position_tex_color_normal",
    "attributes": [
        "Position",
        "UV0",
        "Normal"
    ],
    "samplers": [
        { "name": "Sampler0" }
    ],
    "uniforms": [
        { "name": "ModelViewMat", "type": "matrix4x4", "count": 16, "values": [ 1.0, 0.0, 0.0, 0.0, 0.0, 1.0, 0.0, 0.0, 0.0, 0.0, 1.0, 0.0, 0.0, 0.0, 0.0, 1.0 ] },
        { "name": "ProjMat", "type": "matrix4x4", "count": 16, "values": [ 1.0, 0.0, 0.0, 0.0, 0.0, 1.0, 0.0, 0.0, 0.0, 0.0, 1.0, 0.0, 0.0, 0.0, 0.0, 1.0 ] },
        { "name": "IViewRotMat", "type": "matrix3x3", "count": 9, "values": [1.0, 0.0, 0.0, 0.0, 1.0, 0.0, 0.0, 0.0, 1.0] }
    ]
}
