{
    "blend": {
        "func": "add",
        "srcrgb": "one",
        "dstrgb": "zero"
    },
    "vertex": "preprocess0",
    "fragment": "preprocess0",
    "attributes": [ "Position" ],
    "samplers": [
        { "name": "DiffuseSampler" },
        { "name": "PrevDataSampler" },
        { "name": "PrevMainSampler" },
        { "name": "CurrCodedMainSampler" },
        { "name": "CurrCodedMainSamplerDepth" }
    ],
    "uniforms": [
        { "name": "InSize",      "type": "float",     "count": 2,  "values": [ 1.0, 1.0 ] },
        { "name": "AuxSize0",    "type": "float",     "count": 2,  "values": [ 1.0, 1.0 ] },
        { "name": "FOVGuess",    "type": "float",     "count": 1, "values": [ 70.0 ] },
        { "name": "FogDistance", "type": "float",     "count": 1, "values": [ 3.0 ] }
    ]
}
