{
  "providers": [
    {
      "type": "bitmap",
      "file": "minecraft:gui/container/brewing_guide_left.png",
      "ascent": 13,
      "height": 166,
      "chars": [
        ""
      ]
    },
    {
      "type": "bitmap",
      "file": "minecraft:gui/container/brewing_guide_right.png",
      "ascent": 13,
      "height": 166,
      "chars": [
        ""
      ]
    },
    {
      "type": "bitmap",
      "file": "minecraft:misc/hunger_half.png",
      "ascent": 8,
      "height": 16,
      "chars": [
        ""
      ]
    },
    {
      "type": "bitmap",
      "file": "minecraft:misc/hunger_full.png",
      "ascent": 8,
      "height": 16,
      "chars": [
        ""
      ]
    },
    {
      "type": "bitmap",
      "file": "minecraft:misc/helmet.png",
      "ascent": 8,
      "height": 16,
      "chars": [
        ""
      ]
    },
    {
      "type": "bitmap",
      "file": "minecraft:misc/chestplate.png",
      "ascent": 8,
      "height": 16,
      "chars": [
        ""
      ]
    },
    {
      "type": "bitmap",
      "file": "minecraft:misc/leggings.png",
      "ascent": 8,
      "height": 16,
      "chars": [
        ""
      ]
    },
    {
      "type": "bitmap",
      "file": "minecraft:misc/boots.png",
      "ascent": 8,
      "height": 16,
      "chars": [
        ""
      ]
    },
    {
      "type": "bitmap",
      "file": "minecraft:misc/sword.png",
      "ascent": 8,
      "height": 16,
      "chars": [
        ""
      ]
    },
    {
      "type": "bitmap",
      "file": "minecraft:misc/pickaxe.png",
      "ascent": 8,
      "height": 16,
      "chars": [
        ""
      ]
    },
    {
      "type": "bitmap",
      "file": "minecraft:misc/trident.png",
      "ascent": 8,
      "height": 16,
      "chars": [
        ""
      ]
    },
    {
      "type": "bitmap",
      "file": "minecraft:misc/bow.png",
      "ascent": 8,
      "height": 16,
      "chars": [
        ""
      ]
    },
    {
      "type": "bitmap",
      "file": "minecraft:misc/crosbow.png",
      "ascent": 8,
      "height": 16,
      "chars": [
        ""
      ]
    },
    {
      "type": "bitmap",
      "file": "minecraft:misc/fishing.png",
      "ascent": 8,
      "height": 16,
      "chars": [
        ""
      ]
    },
    {
      "type": "bitmap",
      "file": "minecraft:misc/star.png",
      "ascent": 8,
      "height": 16,
      "chars": [
        ""
      ]
    },
    {
      "type": "bitmap",
      "file": "minecraft:misc/skull.png",
      "ascent": 8,
      "height": 16,
      "chars": [
        ""
      ]
    }
  ]
}